Landmark,City,Region,NumberOfCitizens
"Petrovaradin Fortress, often referred to as the 'Gibraltar on the Danube,' is a historic fortification overlooking the Danube River. Built by the Austrians in the 17th and 18th centuries, it boasts an intricate network of underground tunnels and offers panoramic views of Novi Sad. The fortress hosts the annual EXIT music festival, attracting visitors from around the world.",Novi Sad,Vojvodina,500000
"Danube Park is a central urban park in Novi Sad, offering a peaceful retreat with its lush greenery, serene ponds, and walking paths. It's a popular spot for relaxation, picnics, and leisurely strolls, featuring a variety of plant species and charming bridges over the water.",Novi Sad,Vojvodina,500000
"The Novi Sad Synagogue is an architectural gem and a symbol of the city's Jewish heritage. Built in 1909 in the Art Nouveau style, it now serves as a cultural venue for concerts and events, preserving the rich history of the Jewish community in Novi Sad.",Novi Sad,Vojvodina,500000
"The Serbian National Theatre, founded in 1861, is one of the oldest and most prestigious cultural institutions in Serbia. It hosts a variety of performances, including drama, opera, and ballet, contributing significantly to the cultural life of Novi Sad.",Novi Sad,Vojvodina,500000
"The Museum of Vojvodina offers a comprehensive look at the history, culture, and heritage of the Vojvodina region. Its extensive collections range from prehistoric artifacts to contemporary art, providing visitors with a deep understanding of the area's rich past.",Novi Sad,Vojvodina,500000
"Liberty Square, or Trg Slobode, is the main square in Novi Sad, surrounded by historic buildings and bustling with activity. It's a focal point for public events, gatherings, and festivals, featuring the prominent City Hall and the Catholic Name of Mary Church.",Novi Sad,Vojvodina,500000
"The Cathedral of Saint George is an important Serbian Orthodox church in Novi Sad. Built in the mid-18th century, it features stunning frescoes, intricate iconostasis, and a rich history, serving as a spiritual center for the local Orthodox community.",Novi Sad,Vojvodina,500000
"The University of Novi Sad is a major educational and research institution in Serbia. It offers a wide range of academic programs and is known for its vibrant campus life, contributing to the city's reputation as an educational hub.",Novi Sad,Vojvodina,500000
"Fruška Gora National Park, located near Novi Sad, is renowned for its picturesque landscapes, dense forests, and numerous monasteries. It's a popular destination for hiking, picnicking, and exploring nature, offering a peaceful escape from urban life.",Novi Sad,Vojvodina,500000
"Strand Beach is a beloved riverside retreat on the banks of the Danube River. Known for its sandy shores, clear waters, and lively atmosphere, it's a favorite spot for swimming, sunbathing, and enjoying various recreational activities during the summer months.",Novi Sad,Vojvodina,500000
"Spens Sports Center is a large, multi-purpose sports complex in Novi Sad, providing facilities for a variety of sports and events. It includes indoor and outdoor arenas, swimming pools, and fitness centers, catering to both professional athletes and recreational users.",Novi Sad,Vojvodina,500000
"Big Shopping Mall is a major retail destination in Novi Sad, offering a wide range of shops, restaurants, and entertainment options. It's a popular spot for shopping and leisure activities, attracting both locals and visitors.",Novi Sad,Vojvodina,500000
City Hall is an impressive neo-Renaissance building located on Liberty Square. It serves as the administrative center of Novi Sad and is notable for its elegant architecture and historical significance.,Novi Sad,Vojvodina,500000
"The Danube River, Europe's second-longest river, flows through Novi Sad, providing scenic views and opportunities for various water activities. It's an integral part of the city's landscape and history, with numerous promenades and parks along its banks.",Novi Sad,Vojvodina,500000
"Freedom Square, also known as Trg Slobode, is the heart of Novi Sad, bustling with activity and surrounded by important landmarks. It's a central hub for cultural events, public gatherings, and celebrations.",Novi Sad,Vojvodina,500000
"Stari Grad, or the Old Town, is the historic center of Novi Sad, characterized by its charming streets, historic buildings, and cultural landmarks. It's a vibrant area full of cafes, shops, and cultural attractions.",Novi Sad,Vojvodina,500000
"Žeželj Bridge is a modern, arched bridge spanning the Danube River in Novi Sad. Reconstructed after being destroyed during the NATO bombing in 1999, it symbolizes resilience and connects important parts of the city.",Novi Sad,Vojvodina,500000
"The Fish Market is a lively marketplace in Novi Sad where locals buy fresh fish and seafood. It's a bustling area, offering a glimpse into the daily life and culinary traditions of the city.",Novi Sad,Vojvodina,500000
"The Matica Srpska Gallery is one of Serbia's oldest and most significant art institutions, housing an extensive collection of Serbian art from the 16th century to the present day. It's a key cultural venue in Novi Sad.",Novi Sad,Vojvodina,500000
"The Svetozar Miletić Monument, located in Liberty Square, honors the prominent Serbian politician and national leader. It's a central landmark in Novi Sad, symbolizing the city's historical and cultural heritage.",Novi Sad,Vojvodina,500000
"Novi Sad Fair is a major event venue hosting various trade fairs, exhibitions, and conferences throughout the year. It's a significant economic and business hub in the region, attracting international participants.",Novi Sad,Vojvodina,500000
"Limanski Park is a large urban park in Novi Sad, offering green spaces, playgrounds, and sports facilities. It's a popular spot for outdoor activities, family outings, and relaxation.",Novi Sad,Vojvodina,500000
"Kalemegdan Fortress is a historic fortress and park overlooking the confluence of the Sava and Danube rivers. It offers stunning views, historical monuments, and a peaceful green space in the heart of Belgrade.",Belgrade,Central Serbia,2000000
St. Sava Temple is one of the largest Orthodox churches in the world. Its grand architecture and impressive interior make it a significant religious and cultural landmark in Belgrade.,Belgrade,Central Serbia,2000000
"Knez Mihailova Street is a bustling pedestrian street in the center of Belgrade, known for its vibrant atmosphere, shops, cafes, and historical buildings. It's a popular spot for locals and tourists alike.",Belgrade,Central Serbia,2000000
"Ada Ciganlija is a river island and a popular recreational area in Belgrade, offering beaches, sports facilities, restaurants, and a variety of outdoor activities.",Belgrade,Central Serbia,2000000
"Nikola Tesla Museum is dedicated to the life and work of the famous inventor Nikola Tesla. It houses a significant collection of his personal items, documents, and inventions.",Belgrade,Central Serbia,2000000
"Belgrade Fortress is a historical fortress that offers panoramic views of the city and the rivers. It's a key historical site with museums, monuments, and a large park area.",Belgrade,Central Serbia,2000000
"Republic Square is the central square in Belgrade, surrounded by important cultural institutions like the National Museum and the National Theatre. It's a hub for events and gatherings.",Belgrade,Central Serbia,2000000
"Skadarlija is a charming, bohemian quarter in Belgrade, known for its cobblestone streets, traditional restaurants, and lively atmosphere reminiscent of old Belgrade.",Belgrade,Central Serbia,2000000
Avala Tower is a telecommunications tower and observation deck located on Avala Mountain. It provides panoramic views of Belgrade and its surroundings.,Belgrade,Central Serbia,2000000
"House of Flowers is the resting place of Josip Broz Tito, the former president of Yugoslavia. It's a part of the Museum of Yugoslavia and attracts visitors interested in the region's history.",Belgrade,Central Serbia,2000000
Belgrade Zoo is located within the Belgrade Fortress and is home to a variety of animal species. It's a popular family destination with well-maintained exhibits.,Belgrade,Central Serbia,2000000
Museum of Contemporary Art in Belgrade showcases modern and contemporary art from Serbia and the former Yugoslavia. It's a leading institution for contemporary art in the region.,Belgrade,Central Serbia,2000000
"New Belgrade is a modern district across the Sava River, known for its wide avenues, high-rise buildings, and business centers. It's a major commercial and residential area in Belgrade.",Belgrade,Central Serbia,2000000
"Zemun is a picturesque neighborhood with a distinct character, featuring cobblestone streets, the Millennium Tower, and a charming riverside promenade along the Danube.",Belgrade,Central Serbia,2000000
"National Museum of Serbia, located in Republic Square, is the largest and oldest museum in Serbia. It houses an extensive collection of art and historical artifacts from prehistoric times to the present.",Belgrade,Central Serbia,2000000
"Tašmajdan Park is a central park in Belgrade, offering green spaces, playgrounds, and sports facilities. It's a popular spot for relaxation and outdoor activities.",Belgrade,Central Serbia,2000000
"Church of Saint Mark is a Serbian Orthodox church located in Tašmajdan Park. Built in the Serbo-Byzantine style, it is one of the largest churches in Belgrade.",Belgrade,Central Serbia,2000000
"Belgrade Waterfront is a major urban redevelopment project along the Sava River, featuring modern residential, commercial, and leisure facilities.",Belgrade,Central Serbia,2000000
"Pobednik (The Victor) is a famous monument located in Kalemegdan Fortress. It commemorates Serbia's victory in the Balkan Wars and World War I, offering a symbol of strength and resilience.",Belgrade,Central Serbia,2000000
"Savamala is a vibrant cultural and nightlife district in Belgrade, known for its artistic vibe, galleries, bars, and clubs.",Belgrade,Central Serbia,2000000
"Lazarica Church is a Serbian Orthodox church built in the late 14th century by Prince Lazar. It is known for its beautiful medieval architecture and historical significance, as it was constructed near the site of the Battle of Kosovo.",Kruševac,Central Serbia,130000
"Prince Lazar Monument is a statue located in the center of Kruševac, commemorating Prince Lazar, a Serbian medieval ruler who played a key role in the Battle of Kosovo. The monument is a symbol of Serbian heritage and pride.",Kruševac,Central Serbia,130000
"Kruševac Fortress, also known as the City Fortress, is a historical site that dates back to the 14th century. It includes remains of the medieval fortress walls and towers, offering a glimpse into the city's past.",Kruševac,Central Serbia,130000
"Bagdala Hill is a popular recreational area in Kruševac, offering panoramic views of the city and the surrounding region. It is a great spot for hiking, picnicking, and enjoying nature.",Kruševac,Central Serbia,130000
"National Museum Kruševac houses a rich collection of artifacts and exhibits related to the history, culture, and art of Kruševac and its surroundings. It includes archaeological findings, historical documents, and ethnographic displays.",Kruševac,Central Serbia,130000
"St. George’s Cathedral is a significant Serbian Orthodox church in Kruševac, known for its impressive architecture and beautiful interior decorations. It is an important religious and cultural landmark in the city.",Kruševac,Central Serbia,130000
"Kruševac City Park, also known as the Great Park, is a large urban park featuring walking paths, playgrounds, and green spaces. It is a favorite spot for locals to relax, exercise, and enjoy outdoor activities.",Kruševac,Central Serbia,130000
"Fontana Square is a central square in Kruševac, known for its beautiful fountain and vibrant atmosphere. It is a popular gathering place for locals and hosts various events and festivals throughout the year.",Kruševac,Central Serbia,130000
"Miloš Obilić Monument honors the legendary Serbian knight Miloš Obilić, who is said to have killed the Ottoman Sultan Murad I during the Battle of Kosovo. The monument is located in the city center and serves as a symbol of bravery and patriotism.",Kruševac,Central Serbia,130000
"Maid of Kosovo Monument, also known as the Kosovo Maiden, is a statue located in Kruševac that commemorates the legendary figure who tended to the wounded Serbian soldiers after the Battle of Kosovo. It represents sacrifice and compassion.",Kruševac,Central Serbia,130000
"Šumarice Memorial Park is a significant historical site commemorating the victims of the Kragujevac massacre during World War II. The park includes a memorial museum, monuments, and sculptures honoring the fallen.",Kragujevac,Central Serbia,200000
"Cathedral of Saint Sava is a prominent Serbian Orthodox church in Kragujevac, known for its impressive architecture and spiritual significance. It serves as a central place of worship for the local community.",Kragujevac,Central Serbia,200000
"Amidža Konak is a historic building from the early 19th century, once part of the court of Prince Miloš Obrenović. It now serves as a museum, showcasing period furniture, artifacts, and the history of the region.",Kragujevac,Central Serbia,200000
"First Gymnasium of Kragujevac is one of the oldest educational institutions in Serbia, established in 1833. It played a crucial role in the educational and cultural development of the country.",Kragujevac,Central Serbia,200000
"National Museum in Kragujevac houses a diverse collection of archaeological, historical, and ethnographic artifacts. The museum offers insights into the rich heritage and cultural history of the region.",Kragujevac,Central Serbia,200000
"Kragujevac Plaza is a modern shopping mall and entertainment center, offering a variety of shops, restaurants, and leisure activities. It's a popular spot for shopping and socializing.",Kragujevac,Central Serbia,200000
"Big Park is a large urban park in Kragujevac, featuring walking paths, playgrounds, and green spaces. It's a favorite place for relaxation and outdoor activities.",Kragujevac,Central Serbia,200000
Old Church (Stara Crkva) is a historic Serbian Orthodox church built in the early 19th century. It is known for its beautiful architecture and significant role in the religious life of Kragujevac.,Kragujevac,Central Serbia,200000
"Kragujevac Theatre is a renowned cultural institution, hosting a variety of theatrical performances, concerts, and events. It contributes significantly to the city's cultural scene.",Kragujevac,Central Serbia,200000
"Eco Park Ilina Voda is a recreational area in Kragujevac, offering a lake, walking trails, and picnic spots. It's a great place for outdoor activities and enjoying nature.",Kragujevac,Central Serbia,200000
"Ovčar-Kablar Gorge is a stunning natural landmark near Čačak, known for its picturesque scenery, hiking trails, and monasteries. It's a popular destination for nature lovers and outdoor enthusiasts.",Čačak,Central Serbia,115000
"National Museum Čačak houses a rich collection of archaeological, historical, and ethnographic exhibits. The museum provides insights into the cultural and historical heritage of the Čačak region.",Čačak,Central Serbia,115000
"City Park in Čačak is a central urban park featuring walking paths, playgrounds, and green spaces. It's a popular spot for relaxation and outdoor activities.",Čačak,Central Serbia,115000
"Church of Saint Achillius is a historic Serbian Orthodox church in Čačak, known for its beautiful architecture and spiritual significance. It serves as a central place of worship for the local community.",Čačak,Central Serbia,115000
Memorial Complex on Ljubić Hill commemorates the heroes of the First Serbian Uprising against the Ottoman Empire. It includes monuments and memorials honoring the historical events and figures.,Čačak,Central Serbia,115000
"Čačak Cultural Center is a key cultural institution, hosting various events, exhibitions, and performances. It plays a significant role in the cultural life of the city.",Čačak,Central Serbia,115000
"Attraction Complex Rajac is a scenic area near Čačak, known for its wine production, traditional architecture, and beautiful landscapes. It's a great place to explore local culture and enjoy wine tasting.",Čačak,Central Serbia,115000
"Morava River runs through Čačak, offering scenic views and recreational opportunities. It's a popular spot for fishing, boating, and enjoying nature.",Čačak,Central Serbia,115000
"Vuk Karadžić Library in Čačak is a significant cultural and educational institution, providing a vast collection of books and resources. It serves as a hub for learning and community activities.",Čačak,Central Serbia,115000
"Athletic Stadium in Čačak is a major sports facility, hosting various athletic events and competitions. It promotes sports and physical activities in the community.",Čačak,Central Serbia,115000
"Subotica City Hall is an architectural masterpiece built in the Art Nouveau style. It features stunning interiors, beautiful stained glass, and a tower offering panoramic views of the city.",Subotica,Vojvodina,141000
"Synagogue in Subotica is a beautiful Art Nouveau building, one of the largest synagogues in Europe. It is known for its exquisite design and historical significance.",Subotica,Vojvodina,141000
"Palić Lake is a popular recreational area near Subotica, offering a lake, parks, and various leisure activities. It's a great spot for swimming, boating, and relaxing by the water.",Subotica,Vojvodina,141000
"Raichle Palace is a stunning Art Nouveau building in Subotica, originally built as a private residence. It now houses the Modern Art Gallery, showcasing contemporary artworks.",Subotica,Vojvodina,141000
"Subotica Cathedral, also known as the Cathedral of St. Teresa of Avila, is a prominent Roman Catholic church. It is known for its beautiful architecture and spiritual significance.",Subotica,Vojvodina,141000
"Subotica National Theatre is a key cultural institution, hosting a variety of theatrical performances, concerts, and events. It contributes significantly to the cultural life of Subotica.",Subotica,Vojvodina,141000
"Blue Fountain is a famous landmark in Subotica, known for its striking blue color and unique design. It's a popular gathering spot in the city center.",Subotica,Vojvodina,141000
"Dudova Forest is a large urban park in Subotica, featuring walking paths, playgrounds, and green spaces. It's a favorite place for relaxation and outdoor activities.",Subotica,Vojvodina,141000
"Town Hall Park is a central park in Subotica, offering green spaces, walking paths, and beautiful landscaping. It's a popular spot for leisurely strolls and outdoor activities.",Subotica,Vojvodina,141000
Franciscan Church in Subotica is a historic church known for its beautiful architecture and significant role in the religious life of the city.,Subotica,Vojvodina,141000
Jagodina Wax Museum is a popular tourist attraction featuring wax figures of famous historical and contemporary personalities. It offers an interesting and educational experience for visitors.,Jagodina,Central Serbia,71000
"Aquapark Jagodina is a modern water park with various pools, slides, and attractions for all ages. It's a great spot for family fun and relaxation during the summer.",Jagodina,Central Serbia,71000
Zoo Park Jagodina is a well-maintained zoo home to a variety of animal species. It's a popular destination for families and animal lovers.,Jagodina,Central Serbia,71000
"Museum of Naive and Marginal Art in Jagodina showcases a unique collection of naive art, highlighting the creativity and talent of self-taught artists.",Jagodina,Central Serbia,71000
"Potok Park is a large urban park in Jagodina, featuring walking paths, playgrounds, and green spaces. It's a favorite place for relaxation and outdoor activities.",Jagodina,Central Serbia,71000
"Jagodina City Museum houses a collection of archaeological, historical, and ethnographic artifacts. The museum offers insights into the rich heritage of the Jagodina region.",Jagodina,Central Serbia,71000
"Throat of the Great River (Grlo Velike Reke) is a scenic area near Jagodina, known for its natural beauty and outdoor recreational opportunities. It's a great spot for hiking and enjoying nature.",Jagodina,Central Serbia,71000
"Jagodina Cultural Center is a key cultural institution, hosting various events, exhibitions, and performances. It contributes significantly to the cultural life of the city.",Jagodina,Central Serbia,71000
"Jagodina Brewery, one of the oldest breweries in Serbia, offers guided tours and tastings. It's a great place to learn about the local brewing tradition and enjoy some quality beer.",Jagodina,Central Serbia,71000
"Freedom Square is the central square in Jagodina, known for its vibrant atmosphere and historical significance. It's a popular gathering place for locals and tourists alike.",Jagodina,Central Serbia,71000
"Niš Fortress is a well-preserved Ottoman fortress located in the center of Niš. It offers historical insights, beautiful architecture, and a peaceful park area.",Niš,Central Serbia,260000
"Skull Tower is a unique and grim monument built by the Ottomans, featuring embedded skulls of Serbian rebels. It serves as a reminder of the brutal history of the region.",Niš,Central Serbia,260000
"Mediana is an important archaeological site near Niš, showcasing the remains of a luxurious Roman villa and other ancient structures. It's a significant site for understanding the region's Roman past.",Niš,Central Serbia,260000
"Niš Concentration Camp, also known as Red Cross Concentration Camp, is a memorial complex dedicated to the victims of World War II. It offers a somber but important historical perspective.",Niš,Central Serbia,260000
Bubanj Memorial Park is a large memorial complex commemorating the victims of World War II. It features three large fist sculptures symbolizing resistance and freedom.,Niš,Central Serbia,260000
Čegar Hill is a historic site marking the Battle of Čegar during the First Serbian Uprising. It features a monument honoring the fallen Serbian soldiers.,Niš,Central Serbia,260000
"National Museum Niš houses a diverse collection of artifacts, including archaeological, historical, and ethnographic exhibits. It provides a comprehensive overview of the region's heritage.",Niš,Central Serbia,260000
"Nišville Jazz Festival is an annual music festival held in Niš, attracting international jazz artists and audiences. It's a major cultural event in the city.",Niš,Central Serbia,260000
"Tinkers Alley is a historic cobblestone street in Niš, known for its charming cafes, restaurants, and traditional atmosphere. It's a great place to experience local culture and cuisine.",Niš,Central Serbia,260000
"Holy Trinity Cathedral is a prominent Serbian Orthodox church in Niš, known for its beautiful architecture and spiritual significance. It serves as a central place of worship for the local community.",Niš,Central Serbia,260000
"Tršić is a historic village near Loznica, known as the birthplace of Vuk Karadžić, the reformer of the Serbian language. The village features a museum, traditional houses, and cultural events.",Loznica,Central Serbia,80000
"Banja Koviljača is a renowned spa town near Loznica, famous for its therapeutic mineral waters and beautiful park. It's a popular destination for health tourism and relaxation.",Loznica,Central Serbia,80000
"Gučevo Mountain is a scenic area near Loznica, offering hiking trails, historical monuments, and stunning views. It's known for the Battle of Gučevo during World War I.",Loznica,Central Serbia,80000
"Jadar Museum in Loznica houses a collection of artifacts related to the history, culture, and natural heritage of the Jadar region. It offers insights into the local traditions and historical events.",Loznica,Central Serbia,80000
"Church of the Holy Trinity is a prominent Serbian Orthodox church in Loznica, known for its beautiful architecture and spiritual significance.",Loznica,Central Serbia,80000
"Šabačka Street is a central street in Loznica, known for its vibrant atmosphere, shops, cafes, and historical buildings.",Loznica,Central Serbia,80000
"Koviljača Park is a large and well-maintained park in Banja Koviljača, featuring walking paths, fountains, and green spaces. It's a popular spot for relaxation and outdoor activities.",Loznica,Central Serbia,80000
"Vuk's Monument in Tršić is a statue dedicated to Vuk Karadžić, honoring his contributions to the Serbian language and culture.",Loznica,Central Serbia,80000
"Drina River runs near Loznica, offering scenic views and opportunities for fishing, boating, and enjoying nature.",Loznica,Central Serbia,80000
"Cultural Center Vuk Karadžić in Loznica hosts various cultural events, exhibitions, and performances. It plays a significant role in the cultural life of the city.",Loznica,Central Serbia,80000
"National Museum Pančevo houses a diverse collection of archaeological, historical, and ethnographic artifacts. It offers insights into the rich heritage of Pančevo and its surroundings.",Pančevo,Vojvodina,123000
"Church of the Assumption of the Blessed Virgin Mary is a prominent Serbian Orthodox church in Pančevo, known for its beautiful architecture and spiritual significance.",Pančevo,Vojvodina,123000
"Tamiš River runs through Pančevo, offering scenic views and opportunities for fishing, boating, and enjoying nature.",Pančevo,Vojvodina,123000
"Pančevo Brewery is one of the oldest breweries in Serbia, offering guided tours and tastings. It's a great place to learn about the local brewing tradition and enjoy some quality beer.",Pančevo,Vojvodina,123000
"City Park in Pančevo is a large urban park featuring walking paths, playgrounds, and green spaces. It's a favorite place for relaxation and outdoor activities.",Pančevo,Vojvodina,123000
"Aviation Museum in Pančevo showcases a collection of aircraft, engines, and aviation artifacts. It offers insights into the history of aviation in Serbia.",Pančevo,Vojvodina,123000
"Vojlovica Monastery is a historic Serbian Orthodox monastery near Pančevo, known for its beautiful architecture and significant religious role.",Pančevo,Vojvodina,123000
"Cultural Center Pančevo hosts various cultural events, exhibitions, and performances. It plays a significant role in the cultural life of the city.",Pančevo,Vojvodina,123000
"National Theatre Pančevo is a key cultural institution, hosting a variety of theatrical performances, concerts, and events.",Pančevo,Vojvodina,123000
"Mosaic House is a unique and artistic house in Pančevo, decorated with colorful mosaics and known for its creative design.",Pančevo,Vojvodina,123000
"Žiča Monastery is a historic Serbian Orthodox monastery near Kraljevo, known for its beautiful architecture and significant role in Serbian history. It was the coronation site of Serbian kings.",Kraljevo,Central Serbia,125000
"Studenica Monastery is a UNESCO World Heritage Site near Kraljevo, renowned for its stunning medieval architecture, frescoes, and historical significance.",Kraljevo,Central Serbia,125000
"Maglič Fortress is a well-preserved medieval fortress near Kraljevo, offering historical insights and panoramic views of the surrounding area.",Kraljevo,Central Serbia,125000
"Kraljevo Cathedral is a prominent Serbian Orthodox church in Kraljevo, known for its beautiful architecture and spiritual significance.",Kraljevo,Central Serbia,125000
"City Park in Kraljevo is a large urban park featuring walking paths, playgrounds, and green spaces. It's a favorite place for relaxation and outdoor activities.",Kraljevo,Central Serbia,125000
"National Museum Kraljevo houses a collection of archaeological, historical, and ethnographic artifacts. It offers insights into the rich heritage of Kraljevo and its surroundings.",Kraljevo,Central Serbia,125000
"Square of Serbian Warriors is the central square in Kraljevo, known for its vibrant atmosphere and historical significance. It's a popular gathering place for locals and tourists alike.",Kraljevo,Central Serbia,125000
Memorial Park October in Kraljevo commemorates the victims of World War II. It features monuments and memorials honoring the fallen.,Kraljevo,Central Serbia,125000
"Morava River runs near Kraljevo, offering scenic views and opportunities for fishing, boating, and enjoying nature.",Kraljevo,Central Serbia,125000
"Kraljevo Cultural Center hosts various cultural events, exhibitions, and performances. It plays a significant role in the cultural life of the city.",Kraljevo,Central Serbia,125000
"Bukovik Spa is a well-known spa near Aleksinac, famous for its therapeutic mineral waters and beautiful natural surroundings. It's a popular destination for health tourism and relaxation.",Aleksinac,Central Serbia,50000
"Deligrad Memorial is a historic site near Aleksinac, commemorating the Battle of Deligrad during the First Serbian Uprising. It features a monument and offers historical insights.",Aleksinac,Central Serbia,50000
"Aleksinac City Park is a large urban park featuring walking paths, playgrounds, and green spaces. It's a favorite place for relaxation and outdoor activities.",Aleksinac,Central Serbia,50000
"Church of the Holy Trinity is a prominent Serbian Orthodox church in Aleksinac, known for its beautiful architecture and spiritual significance.",Aleksinac,Central Serbia,50000
"National Museum Aleksinac houses a collection of archaeological, historical, and ethnographic artifacts. It offers insights into the rich heritage of Aleksinac and its surroundings.",Aleksinac,Central Serbia,50000
"Morava River runs near Aleksinac, offering scenic views and opportunities for fishing, boating, and enjoying nature.",Aleksinac,Central Serbia,50000
"Aleksinac Cultural Center hosts various cultural events, exhibitions, and performances. It plays a significant role in the cultural life of the town.",Aleksinac,Central Serbia,50000
Monument to Fallen Soldiers in Aleksinac honors the soldiers who fought and died in various wars. It's a place of remembrance and respect.,Aleksinac,Central Serbia,50000
"City Library in Aleksinac is a key cultural institution, offering a wide range of books and resources for the community.",Aleksinac,Central Serbia,50000
"Aleksinac Theatre is a popular venue for theatrical performances, concerts, and cultural events, contributing to the vibrant cultural scene of the town.",Aleksinac,Central Serbia,50000
"Sombor City Hall is a beautiful historical building located in the center of Sombor, known for its impressive architecture and cultural significance.",Sombor,Vojvodina,85000
"Zupanijska Street is one of the main streets in Sombor, lined with historic buildings, shops, cafes, and cultural institutions.",Sombor,Vojvodina,85000
The Serbian Orthodox Church of Saint George in Sombor is known for its beautiful architecture and spiritual significance.,Sombor,Vojvodina,85000
"Sombor National Theatre is a key cultural institution, hosting a variety of theatrical performances, concerts, and events.",Sombor,Vojvodina,85000
"Gallery Milan Konjović is dedicated to the works of the famous Serbian painter Milan Konjović, featuring an extensive collection of his artworks.",Sombor,Vojvodina,85000
"Kronić Palace is a historic building in Sombor, known for its beautiful architecture and cultural significance.",Sombor,Vojvodina,85000
"Sombor Park is a large urban park featuring walking paths, playgrounds, and green spaces. It's a favorite place for relaxation and outdoor activities.",Sombor,Vojvodina,85000
"Church of the Holy Trinity is a prominent Serbian Orthodox church in Sombor, known for its beautiful architecture and spiritual significance.",Sombor,Vojvodina,85000
"Sombor Cultural Center hosts various cultural events, exhibitions, and performances. It plays a significant role in the cultural life of the city.",Sombor,Vojvodina,85000
Monument to Fallen Soldiers in Sombor honors the soldiers who fought and died in various wars. It's a place of remembrance and respect.,Sombor,Vojvodina,85000
Beli Most (White Bridge) in Vranje is a historic bridge known for its beautiful architecture and cultural significance.,Vranje,Central Serbia,83000
"Markovo Kale Fortress is a medieval fortress near Vranje, offering historical insights and panoramic views of the surrounding area.",Vranje,Central Serbia,83000
"Pasha's Fountain is a prominent historical landmark in Vranje, known for its beautiful design and cultural significance.",Vranje,Central Serbia,83000
"Vranje Cultural Center hosts various cultural events, exhibitions, and performances. It plays a significant role in the cultural life of the city.",Vranje,Central Serbia,83000
"National Museum Vranje houses a collection of archaeological, historical, and ethnographic artifacts. It offers insights into the rich heritage of Vranje and its surroundings.",Vranje,Central Serbia,83000
"Vranje Cathedral is a prominent Serbian Orthodox church in Vranje, known for its beautiful architecture and spiritual significance.",Vranje,Central Serbia,83000
"Banja Vranjska is a renowned spa town near Vranje, famous for its therapeutic mineral waters and beautiful park. It's a popular destination for health tourism and relaxation.",Vranje,Central Serbia,83000
"Vranje Theatre is a key cultural institution, hosting a variety of theatrical performances, concerts, and events.",Vranje,Central Serbia,83000
"City Park in Vranje is a large urban park featuring walking paths, playgrounds, and green spaces. It's a favorite place for relaxation and outdoor activities.",Vranje,Central Serbia,83000
"Monument to Bora Stanković in Vranje honors the famous Serbian writer, known for his literary contributions and cultural impact.",Vranje,Central Serbia,83000
"Tešnjar is a historic street in Valjevo, known for its traditional architecture, cobblestone pavement, and charming atmosphere. It's a popular tourist attraction.",Valjevo,Central Serbia,90000
"Valjevo City Park is a large urban park featuring walking paths, playgrounds, and green spaces. It's a favorite place for relaxation and outdoor activities.",Valjevo,Central Serbia,90000
"Church of the Holy Trinity is a prominent Serbian Orthodox church in Valjevo, known for its beautiful architecture and spiritual significance.",Valjevo,Central Serbia,90000
"National Museum Valjevo houses a collection of archaeological, historical, and ethnographic artifacts. It offers insights into the rich heritage of Valjevo and its surroundings.",Valjevo,Central Serbia,90000
"Nenadović Tower is a historic tower in Valjevo, known for its cultural and historical significance.",Valjevo,Central Serbia,90000
"Cultural Center Valjevo hosts various cultural events, exhibitions, and performances. It plays a significant role in the cultural life of the city.",Valjevo,Central Serbia,90000
"Divčibare is a popular mountain resort near Valjevo, known for its beautiful nature, hiking trails, and recreational opportunities.",Valjevo,Central Serbia,90000
"Valjevo Theatre is a key cultural institution, hosting a variety of theatrical performances, concerts, and events.",Valjevo,Central Serbia,90000
"Lelić Monastery is a historic Serbian Orthodox monastery near Valjevo, known for its beautiful architecture and religious significance.",Valjevo,Central Serbia,90000
"Gradac River runs through Valjevo, offering scenic views and opportunities for fishing, boating, and enjoying nature.",Valjevo,Central Serbia,90000
"City Hall in Zrenjanin is an architectural masterpiece located in the city center, known for its impressive design and historical significance.",Zrenjanin,Vojvodina,120000
"National Museum Zrenjanin houses a diverse collection of archaeological, historical, and ethnographic artifacts. It offers insights into the rich heritage of Zrenjanin and its surroundings.",Zrenjanin,Vojvodina,120000
"Uspenska Church is a prominent Serbian Orthodox church in Zrenjanin, known for its beautiful architecture and spiritual significance.",Zrenjanin,Vojvodina,120000
"Zrenjanin Theatre is a key cultural institution, hosting a variety of theatrical performances, concerts, and events.",Zrenjanin,Vojvodina,120000
"Zrenjanin Park is a large urban park featuring walking paths, playgrounds, and green spaces. It's a favorite place for relaxation and outdoor activities.",Zrenjanin,Vojvodina,120000
"Dry Bridge is a unique and historic bridge in Zrenjanin, known for its unusual construction and historical significance.",Zrenjanin,Vojvodina,120000
"Castle Ečka is a historic castle near Zrenjanin, offering beautiful architecture and scenic surroundings. It's a popular tourist destination.",Zrenjanin,Vojvodina,120000
"Bega River runs through Zrenjanin, offering scenic views and opportunities for fishing, boating, and enjoying nature.",Zrenjanin,Vojvodina,120000
Monument to King Peter I in Zrenjanin honors the Serbian king and is a significant historical landmark in the city.,Zrenjanin,Vojvodina,120000
"Zrenjanin Cultural Center hosts various cultural events, exhibitions, and performances. It plays a significant role in the cultural life of the city.",Zrenjanin,Vojvodina,120000
"Sirmium Archaeological Site is a significant historical site in Sremska Mitrovica, showcasing the remains of the ancient Roman city of Sirmium. It includes impressive ruins and a museum.",Sremska Mitrovica,Vojvodina,80000
"Sremska Mitrovica City Park is a large urban park featuring walking paths, playgrounds, and green spaces. It's a favorite place for relaxation and outdoor activities.",Sremska Mitrovica,Vojvodina,80000
"Museum of Srem houses a collection of archaeological, historical, and ethnographic artifacts. It offers insights into the rich heritage of Sremska Mitrovica and its surroundings.",Sremska Mitrovica,Vojvodina,80000
"St. Stephen's Church is a prominent Serbian Orthodox church in Sremska Mitrovica, known for its beautiful architecture and spiritual significance.",Sremska Mitrovica,Vojvodina,80000
Monument to Fallen Soldiers in Sremska Mitrovica honors the soldiers who fought and died in various wars. It's a place of remembrance and respect.,Sremska Mitrovica,Vojvodina,80000
"Sremska Mitrovica Cultural Center hosts various cultural events, exhibitions, and performances. It plays a significant role in the cultural life of the city.",Sremska Mitrovica,Vojvodina,80000
"City Library in Sremska Mitrovica is a key cultural institution, providing a wide range of books and resources for the community.",Sremska Mitrovica,Vojvodina,80000
Old Bridge over the Sava River is a historic and picturesque bridge connecting Sremska Mitrovica with its surroundings.,Sremska Mitrovica,Vojvodina,80000
"Gradska Plaza Beach on the Sava River is a popular recreational spot in Sremska Mitrovica, offering opportunities for swimming, sunbathing, and outdoor activities.",Sremska Mitrovica,Vojvodina,80000
Monument to the Srem Partisans in Sremska Mitrovica honors the local partisans who fought during World War II. It's a significant historical landmark.,Sremska Mitrovica,Vojvodina,80000
"National Museum Ruma houses a collection of archaeological, historical, and ethnographic artifacts. It offers insights into the rich heritage of Ruma and its surroundings.",Ruma,Vojvodina,54000
"Church of Saint Nicholas is a prominent Serbian Orthodox church in Ruma, known for its beautiful architecture and spiritual significance.",Ruma,Vojvodina,54000
"Borkovačka Lake is a popular recreational area near Ruma, offering opportunities for fishing, boating, and picnicking.",Ruma,Vojvodina,54000
"Ruma Cultural Center hosts various cultural events, exhibitions, and performances. It plays a significant role in the cultural life of the town.",Ruma,Vojvodina,54000
"City Park in Ruma is a large urban park featuring walking paths, playgrounds, and green spaces. It's a favorite place for relaxation and outdoor activities.",Ruma,Vojvodina,54000
Monument to Fallen Soldiers in Ruma honors the soldiers who fought and died in various wars. It's a place of remembrance and respect.,Ruma,Vojvodina,54000
"Ruma Fair is a traditional event that attracts visitors from the region, offering a variety of goods, food, and entertainment.",Ruma,Vojvodina,54000
"Ruma Library is a key cultural institution, providing a wide range of books and resources for the community.",Ruma,Vojvodina,54000
"Cultural-Historical Complex in Ruma includes several historic buildings and sites, reflecting the town's rich cultural and historical heritage.",Ruma,Vojvodina,54000
"Old Church of the Holy Trinity is a historic Serbian Orthodox church in Ruma, known for its beautiful architecture and significant religious role.",Ruma,Vojvodina,54000
