stop_id,name,latitude,longitude,bus_lines,facilities,nearby_landmarks,special_features
1,Stari Grad,78.014316,-39.347017,"['Bus Line 88', 'Bus Line 39', 'Bus Line 86', 'Bus Line 100', 'Bus Line 32']","['Wi-Fi', 'Benches', 'Shelter', 'Information Board']",['Danube River'],"Stari Grad, historical significance"
2,Liberty Square,48.323316,-172.755230,"['Bus Line 34', 'Bus Line 28', 'Bus Line 66', 'Bus Line 65']","['Benches', 'Shelter']","['University of Novi Sad', 'Stari Grad']","Liberty Square, historical significance"
3,Serbian National Theatre,-21.511260,-61.029049,"['Bus Line 22', 'Bus Line 90', 'Bus Line 66']","['Shelter', 'Benches', 'Ticket Machine', 'Wi-Fi']",['Svetozar Miletić Monument'],"Serbian National Theatre, historical significance"
4,Fish Market,-40.903798,-46.084990,"['Bus Line 20', 'Bus Line 83', 'Bus Line 13', 'Bus Line 64']","['Ticket Machine', 'Wi-Fi']","['Žeželj Bridge', 'Liberty Square']","Fish Market, historical significance"
5,Big Shopping Mall,-54.562686,-172.619337,"['Bus Line 39', 'Bus Line 13', 'Bus Line 1', 'Bus Line 16']","['Ticket Machine', 'Wi-Fi', 'Information Board']","['Spens Sports Center', 'Novi Sad Synagogue', 'Matica Srpska Gallery']","Big Shopping Mall, historical significance"
6,Fish Market,50.824175,-22.126953,"['Bus Line 15', 'Bus Line 57', 'Bus Line 27']","['Ticket Machine', 'Wi-Fi', 'Benches']",['Novi Sad Synagogue'],"Fish Market, historical significance"
7,Limanski Park,-74.336752,-148.621795,['Bus Line 95'],"['Benches', 'Shelter', 'Wi-Fi']","['Stari Grad', 'Fruška Gora National Park', 'Danube River']","Limanski Park, historical significance"
8,Danube Park,-3.669432,-161.964921,"['Bus Line 52', 'Bus Line 57']","['Ticket Machine', 'Benches', 'Information Board']","['Svetozar Miletić Monument', 'Žeželj Bridge']","Danube Park, historical significance"
9,Strand Beach,-20.538910,17.711473,"['Bus Line 75', 'Bus Line 31', 'Bus Line 32', 'Bus Line 79']",['Benches'],"['Limanski Park', 'Danube River', 'Cathedral of Saint George']","Strand Beach, historical significance"
10,Stari Grad,51.500714,-86.796001,"['Bus Line 34', 'Bus Line 80', 'Bus Line 12']","['Ticket Machine', 'Wi-Fi', 'Information Board', 'Shelter']","['Strand Beach', 'Fish Market']","Stari Grad, historical significance"
11,Spens Sports Center,-87.064550,-52.874670,"['Bus Line 30', 'Bus Line 18', 'Bus Line 77', 'Bus Line 90', 'Bus Line 87']","['Shelter', 'Information Board', 'Benches']",['Cathedral of Saint George'],"Spens Sports Center, historical significance"
12,Petrovaradin Fortress,-52.961672,127.756758,"['Bus Line 18', 'Bus Line 54']",['Information Board'],['Liberty Square'],"Petrovaradin Fortress, historical significance"
13,Novi Sad Fair,35.062820,-102.451815,"['Bus Line 56', 'Bus Line 12', 'Bus Line 59']","['Ticket Machine', 'Shelter', 'Information Board', 'Benches']","['Limanski Park', 'Museum of Vojvodina']","Novi Sad Fair, historical significance"
14,Spens Sports Center,-62.584897,10.869302,"['Bus Line 50', 'Bus Line 78', 'Bus Line 5']","['Wi-Fi', 'Shelter', 'Information Board']","['Liberty Square', 'Serbian National Theatre']","Spens Sports Center, historical significance"
15,Stari Grad,-32.586972,148.461396,"['Bus Line 29', 'Bus Line 83', 'Bus Line 53', 'Bus Line 58']",['Wi-Fi'],"['Liberty Square', 'University of Novi Sad']","Stari Grad, historical significance"
16,Big Shopping Mall,-63.425046,-146.947263,['Bus Line 40'],"['Wi-Fi', 'Ticket Machine', 'Information Board']","['Serbian National Theatre', 'City Hall', 'Limanski Park']","Big Shopping Mall, historical significance"
17,Strand Beach,85.996160,97.545965,"['Bus Line 14', 'Bus Line 74', 'Bus Line 39']",['Information Board'],['Novi Sad Fair'],"Strand Beach, historical significance"
18,Big Shopping Mall,-54.757269,17.877734,['Bus Line 30'],"['Ticket Machine', 'Information Board', 'Shelter', 'Wi-Fi', 'Benches']","['Danube Park', 'Big Shopping Mall']","Big Shopping Mall, historical significance"
19,Cathedral of Saint George,40.294007,100.670036,"['Bus Line 76', 'Bus Line 31', 'Bus Line 25']","['Shelter', 'Information Board', 'Wi-Fi', 'Benches', 'Ticket Machine']",['Museum of Vojvodina'],"Cathedral of Saint George, historical significance"
20,Novi Sad Fair,-29.719885,129.031944,"['Bus Line 66', 'Bus Line 11', 'Bus Line 100', 'Bus Line 44', 'Bus Line 85']","['Wi-Fi', 'Benches']","['Spens Sports Center', 'Petrovaradin Fortress']","Novi Sad Fair, historical significance"
21,Matica Srpska Gallery,-78.819022,73.626531,"['Bus Line 45', 'Bus Line 16', 'Bus Line 30', 'Bus Line 71', 'Bus Line 10']","['Information Board', 'Ticket Machine', 'Shelter']","['Cathedral of Saint George', 'Fruška Gora National Park', 'Freedom Square']","Matica Srpska Gallery, historical significance"
22,Stari Grad,-64.163102,-44.109387,"['Bus Line 35', 'Bus Line 66', 'Bus Line 97']","['Information Board', 'Shelter', 'Wi-Fi']","['Cathedral of Saint George', 'Svetozar Miletić Monument']","Stari Grad, historical significance"
23,Spens Sports Center,-16.266100,-111.164129,"['Bus Line 23', 'Bus Line 30', 'Bus Line 3', 'Bus Line 20']","['Shelter', 'Benches', 'Information Board', 'Ticket Machine', 'Wi-Fi']","['Matica Srpska Gallery', 'Cathedral of Saint George', 'Petrovaradin Fortress']","Spens Sports Center, historical significance"
24,Big Shopping Mall,-62.368730,171.620871,"['Bus Line 20', 'Bus Line 4', 'Bus Line 75']","['Information Board', 'Benches', 'Ticket Machine', 'Shelter']","['Spens Sports Center', 'Novi Sad Fair']","Big Shopping Mall, historical significance"
25,Danube Park,25.650849,-65.174159,"['Bus Line 41', 'Bus Line 40', 'Bus Line 26']","['Ticket Machine', 'Benches', 'Shelter', 'Information Board']","['Limanski Park', 'Petrovaradin Fortress']","Danube Park, historical significance"
26,City Hall,36.741058,38.757106,"['Bus Line 66', 'Bus Line 18', 'Bus Line 84']",['Ticket Machine'],"['Fish Market', 'Petrovaradin Fortress']","City Hall, historical significance"
27,Fish Market,-44.859141,64.566418,"['Bus Line 45', 'Bus Line 66']","['Shelter', 'Ticket Machine', 'Wi-Fi', 'Benches', 'Information Board']",['Museum of Vojvodina'],"Fish Market, historical significance"
28,Matica Srpska Gallery,-2.882622,77.550114,"['Bus Line 32', 'Bus Line 29']",['Shelter'],"['Danube River', 'City Hall']","Matica Srpska Gallery, historical significance"
29,Freedom Square,25.205613,156.490825,['Bus Line 70'],['Information Board'],"['Fruška Gora National Park', 'Spens Sports Center', 'Novi Sad Synagogue']","Freedom Square, historical significance"
30,Fish Market,16.982669,-108.307244,"['Bus Line 34', 'Bus Line 3']","['Wi-Fi', 'Ticket Machine', 'Shelter', 'Information Board']",['Novi Sad Synagogue'],"Fish Market, historical significance"
31,Novi Sad Synagogue,-27.057393,-89.496974,"['Bus Line 5', 'Bus Line 40']","['Ticket Machine', 'Wi-Fi', 'Benches', 'Information Board', 'Shelter']","['Serbian National Theatre', 'University of Novi Sad']","Novi Sad Synagogue, historical significance"
32,University of Novi Sad,17.841952,-29.047994,['Bus Line 69'],"['Information Board', 'Ticket Machine', 'Shelter']","['Big Shopping Mall', 'Liberty Square']","University of Novi Sad, historical significance"
33,Žeželj Bridge,-24.492872,-41.893494,"['Bus Line 96', 'Bus Line 48', 'Bus Line 75', 'Bus Line 51', 'Bus Line 71']","['Ticket Machine', 'Shelter', 'Benches', 'Information Board', 'Wi-Fi']","['Limanski Park', 'University of Novi Sad', 'Svetozar Miletić Monument']","Žeželj Bridge, historical significance"
34,Fish Market,-77.078636,104.115531,['Bus Line 79'],"['Information Board', 'Shelter']",['Novi Sad Fair'],"Fish Market, historical significance"
35,Serbian National Theatre,-29.286082,-53.498523,['Bus Line 89'],"['Benches', 'Ticket Machine', 'Shelter', 'Information Board', 'Wi-Fi']",['Museum of Vojvodina'],"Serbian National Theatre, historical significance"
36,Novi Sad Fair,-0.148324,-106.725590,"['Bus Line 98', 'Bus Line 76']","['Information Board', 'Wi-Fi', 'Benches']",['Cathedral of Saint George'],"Novi Sad Fair, historical significance"
37,Petrovaradin Fortress,37.919065,24.787940,"['Bus Line 16', 'Bus Line 23']",['Wi-Fi'],"['Danube Park', 'Strand Beach', 'Liberty Square']","Petrovaradin Fortress, historical significance"
38,Matica Srpska Gallery,62.979334,-10.427913,"['Bus Line 8', 'Bus Line 67']",['Wi-Fi'],"['Strand Beach', 'Freedom Square']","Matica Srpska Gallery, historical significance"
39,Stari Grad,43.057106,-146.454741,"['Bus Line 6', 'Bus Line 58', 'Bus Line 97', 'Bus Line 3']",['Information Board'],"['Danube River', 'University of Novi Sad']","Stari Grad, historical significance"
40,University of Novi Sad,-46.433840,17.726569,"['Bus Line 80', 'Bus Line 65', 'Bus Line 46', 'Bus Line 98', 'Bus Line 70']","['Information Board', 'Shelter', 'Wi-Fi']","['City Hall', 'Novi Sad Synagogue']","University of Novi Sad, historical significance"
41,Svetozar Miletić Monument,-62.873904,135.184522,"['Bus Line 8', 'Bus Line 77', 'Bus Line 70']","['Wi-Fi', 'Information Board']","['Svetozar Miletić Monument', 'City Hall']","Svetozar Miletić Monument, historical significance"
42,Svetozar Miletić Monument,-42.291876,160.198946,"['Bus Line 73', 'Bus Line 21', 'Bus Line 59', 'Bus Line 76', 'Bus Line 82']","['Wi-Fi', 'Information Board', 'Shelter']","['Serbian National Theatre', 'Novi Sad Fair']","Svetozar Miletić Monument, historical significance"
43,Fish Market,44.772466,-66.218600,"['Bus Line 48', 'Bus Line 46', 'Bus Line 26', 'Bus Line 1']","['Shelter', 'Benches']",['Strand Beach'],"Fish Market, historical significance"
44,Fish Market,-73.162267,129.520555,"['Bus Line 100', 'Bus Line 52']","['Ticket Machine', 'Shelter', 'Information Board', 'Wi-Fi', 'Benches']","['Petrovaradin Fortress', 'City Hall']","Fish Market, historical significance"
45,Big Shopping Mall,48.012796,83.638585,"['Bus Line 85', 'Bus Line 58', 'Bus Line 10', 'Bus Line 3']","['Shelter', 'Information Board', 'Benches']","['Strand Beach', 'Žeželj Bridge']","Big Shopping Mall, historical significance"
46,Freedom Square,89.601910,47.223884,"['Bus Line 34', 'Bus Line 89']","['Benches', 'Ticket Machine', 'Shelter', 'Wi-Fi', 'Information Board']",['Fish Market'],"Freedom Square, historical significance"
47,Novi Sad Synagogue,78.414552,-114.192077,"['Bus Line 84', 'Bus Line 26', 'Bus Line 33']",['Shelter'],"['Novi Sad Fair', 'Cathedral of Saint George']","Novi Sad Synagogue, historical significance"
48,Žeželj Bridge,37.499652,138.029250,"['Bus Line 33', 'Bus Line 17']","['Ticket Machine', 'Information Board', 'Benches', 'Shelter', 'Wi-Fi']",['City Hall'],"Žeželj Bridge, historical significance"
49,Big Shopping Mall,18.016530,120.872256,"['Bus Line 64', 'Bus Line 79', 'Bus Line 68']","['Benches', 'Shelter', 'Ticket Machine']","['Fruška Gora National Park', 'Museum of Vojvodina']","Big Shopping Mall, historical significance"
50,Cathedral of Saint George,-47.391259,28.373825,"['Bus Line 73', 'Bus Line 22', 'Bus Line 97']","['Benches', 'Ticket Machine', 'Shelter', 'Wi-Fi', 'Information Board']",['Big Shopping Mall'],"Cathedral of Saint George, historical significance"
51,Cathedral of Saint George,89.852346,25.612720,['Bus Line 9'],"['Information Board', 'Wi-Fi', 'Ticket Machine', 'Shelter']","['Liberty Square', 'Big Shopping Mall', 'Cathedral of Saint George']","Cathedral of Saint George, historical significance"
52,Stari Grad,-2.978902,71.612751,['Bus Line 95'],['Ticket Machine'],"['Cathedral of Saint George', 'Novi Sad Synagogue', 'Stari Grad']","Stari Grad, historical significance"
53,Museum of Vojvodina,-80.895074,-130.995170,['Bus Line 71'],"['Benches', 'Wi-Fi', 'Information Board']",['Stari Grad'],"Museum of Vojvodina, historical significance"
54,Fruška Gora National Park,29.783340,-15.742239,['Bus Line 22'],"['Wi-Fi', 'Information Board']",['Big Shopping Mall'],"Fruška Gora National Park, historical significance"
55,University of Novi Sad,65.797454,64.650603,"['Bus Line 69', 'Bus Line 28', 'Bus Line 42']","['Ticket Machine', 'Information Board', 'Benches', 'Wi-Fi']",['Big Shopping Mall'],"University of Novi Sad, historical significance"
56,Žeželj Bridge,-74.400833,-6.115632,['Bus Line 61'],"['Information Board', 'Shelter']","['Cathedral of Saint George', 'Danube Park']","Žeželj Bridge, historical significance"
57,Fish Market,-11.415284,-128.515037,"['Bus Line 85', 'Bus Line 7', 'Bus Line 1']",['Benches'],['Svetozar Miletić Monument'],"Fish Market, historical significance"
58,Strand Beach,-51.428128,-129.999246,"['Bus Line 35', 'Bus Line 90', 'Bus Line 82']","['Benches', 'Ticket Machine', 'Information Board', 'Wi-Fi']","['Danube River', 'Limanski Park', 'Fish Market']","Strand Beach, historical significance"
59,Petrovaradin Fortress,-52.369238,-32.622721,"['Bus Line 10', 'Bus Line 48', 'Bus Line 80', 'Bus Line 57']",['Benches'],"['Stari Grad', 'Žeželj Bridge']","Petrovaradin Fortress, historical significance"
60,Novi Sad Synagogue,-45.910067,81.779409,['Bus Line 31'],"['Benches', 'Wi-Fi', 'Ticket Machine', 'Information Board']","['Big Shopping Mall', 'Žeželj Bridge']","Novi Sad Synagogue, historical significance"
61,Žeželj Bridge,-44.713732,-122.532181,"['Bus Line 28', 'Bus Line 56', 'Bus Line 81']","['Benches', 'Information Board', 'Shelter']",['Serbian National Theatre'],"Žeželj Bridge, historical significance"
62,Serbian National Theatre,79.772254,65.337430,"['Bus Line 52', 'Bus Line 67', 'Bus Line 50', 'Bus Line 97']","['Wi-Fi', 'Shelter', 'Ticket Machine', 'Information Board']","['Big Shopping Mall', 'Limanski Park', 'Svetozar Miletić Monument']","Serbian National Theatre, historical significance"
63,Strand Beach,11.569400,-105.498051,"['Bus Line 24', 'Bus Line 51']","['Shelter', 'Information Board', 'Benches', 'Wi-Fi']","['Spens Sports Center', 'Novi Sad Synagogue']","Strand Beach, historical significance"
64,City Hall,-5.000658,-9.061321,"['Bus Line 59', 'Bus Line 87', 'Bus Line 21']","['Ticket Machine', 'Wi-Fi', 'Shelter']","['Danube River', 'University of Novi Sad', 'Stari Grad']","City Hall, historical significance"
65,Fish Market,13.740654,22.431893,"['Bus Line 74', 'Bus Line 6']","['Information Board', 'Shelter', 'Ticket Machine', 'Benches', 'Wi-Fi']","['Novi Sad Fair', 'Serbian National Theatre']","Fish Market, historical significance"
66,Big Shopping Mall,36.084560,-119.631394,"['Bus Line 71', 'Bus Line 4', 'Bus Line 2']",['Information Board'],"['Serbian National Theatre', 'Petrovaradin Fortress']","Big Shopping Mall, historical significance"
67,Freedom Square,-25.777074,-104.246281,"['Bus Line 93', 'Bus Line 79', 'Bus Line 4', 'Bus Line 47', 'Bus Line 43']","['Information Board', 'Benches']","['Žeželj Bridge', 'Serbian National Theatre']","Freedom Square, historical significance"
68,Spens Sports Center,27.513096,133.748055,"['Bus Line 51', 'Bus Line 81', 'Bus Line 47', 'Bus Line 27', 'Bus Line 88']",['Benches'],"['Petrovaradin Fortress', 'City Hall']","Spens Sports Center, historical significance"
69,Žeželj Bridge,-37.367250,-86.063785,"['Bus Line 62', 'Bus Line 55', 'Bus Line 89']","['Shelter', 'Ticket Machine', 'Benches']",['Fish Market'],"Žeželj Bridge, historical significance"
70,Freedom Square,-63.834970,-126.929171,"['Bus Line 67', 'Bus Line 64', 'Bus Line 15', 'Bus Line 31', 'Bus Line 46']","['Shelter', 'Benches']",['Big Shopping Mall'],"Freedom Square, historical significance"
71,Spens Sports Center,-35.388682,151.026798,"['Bus Line 75', 'Bus Line 60', 'Bus Line 70']","['Wi-Fi', 'Shelter', 'Ticket Machine']","['Limanski Park', 'Stari Grad']","Spens Sports Center, historical significance"
72,Freedom Square,31.392657,-5.335292,['Bus Line 93'],"['Shelter', 'Information Board']","['Big Shopping Mall', 'Svetozar Miletić Monument']","Freedom Square, historical significance"
73,Serbian National Theatre,84.004842,-132.937302,"['Bus Line 71', 'Bus Line 79']","['Benches', 'Ticket Machine']",['Strand Beach'],"Serbian National Theatre, historical significance"
74,Novi Sad Synagogue,14.518482,120.066992,"['Bus Line 6', 'Bus Line 5', 'Bus Line 41', 'Bus Line 7', 'Bus Line 38']",['Benches'],"['Freedom Square', 'Stari Grad', 'Novi Sad Fair']","Novi Sad Synagogue, historical significance"
75,Petrovaradin Fortress,-14.245716,-54.229416,"['Bus Line 43', 'Bus Line 98', 'Bus Line 9']","['Ticket Machine', 'Benches', 'Shelter', 'Wi-Fi', 'Information Board']","['Danube Park', 'Spens Sports Center', 'Strand Beach']","Petrovaradin Fortress, historical significance"
76,Danube River,24.231298,121.526754,"['Bus Line 35', 'Bus Line 99', 'Bus Line 53', 'Bus Line 11', 'Bus Line 75']","['Ticket Machine', 'Wi-Fi', 'Information Board', 'Shelter', 'Benches']","['Fruška Gora National Park', 'University of Novi Sad', 'Novi Sad Synagogue']","Danube River, historical significance"
77,Matica Srpska Gallery,-15.146792,-62.032254,"['Bus Line 52', 'Bus Line 84', 'Bus Line 63', 'Bus Line 92', 'Bus Line 46']","['Information Board', 'Ticket Machine', 'Wi-Fi']",['Big Shopping Mall'],"Matica Srpska Gallery, historical significance"
78,Novi Sad Synagogue,-33.393487,-123.915431,"['Bus Line 71', 'Bus Line 77', 'Bus Line 61']","['Shelter', 'Wi-Fi']","['Spens Sports Center', 'Limanski Park']","Novi Sad Synagogue, historical significance"
79,Liberty Square,-48.939534,-13.188567,"['Bus Line 82', 'Bus Line 49', 'Bus Line 80', 'Bus Line 83', 'Bus Line 63']","['Ticket Machine', 'Information Board']","['Big Shopping Mall', 'Danube River', 'Stari Grad']","Liberty Square, historical significance"
80,Big Shopping Mall,-48.914005,-133.709813,"['Bus Line 41', 'Bus Line 47', 'Bus Line 32']","['Benches', 'Information Board']",['City Hall'],"Big Shopping Mall, historical significance"
81,Limanski Park,62.173452,-116.842371,"['Bus Line 39', 'Bus Line 18', 'Bus Line 40']",['Wi-Fi'],"['Serbian National Theatre', 'Stari Grad']","Limanski Park, historical significance"
82,Spens Sports Center,13.367416,163.889206,"['Bus Line 56', 'Bus Line 33', 'Bus Line 91', 'Bus Line 45', 'Bus Line 25']","['Information Board', 'Wi-Fi', 'Shelter']",['Novi Sad Fair'],"Spens Sports Center, historical significance"
83,Serbian National Theatre,-71.966252,-100.305159,"['Bus Line 3', 'Bus Line 29']","['Information Board', 'Ticket Machine', 'Wi-Fi']","['Žeželj Bridge', 'Big Shopping Mall', 'Strand Beach']","Serbian National Theatre, historical significance"
84,Fruška Gora National Park,-75.848070,-153.359401,"['Bus Line 18', 'Bus Line 87', 'Bus Line 9']",['Information Board'],['Svetozar Miletić Monument'],"Fruška Gora National Park, historical significance"
85,Museum of Vojvodina,-0.060434,-9.826437,"['Bus Line 16', 'Bus Line 41', 'Bus Line 19']","['Information Board', 'Shelter', 'Wi-Fi']","['Limanski Park', 'Novi Sad Synagogue', 'Svetozar Miletić Monument']","Museum of Vojvodina, historical significance"
86,Liberty Square,61.881912,-65.702504,"['Bus Line 93', 'Bus Line 64', 'Bus Line 48', 'Bus Line 5']","['Ticket Machine', 'Benches', 'Shelter', 'Information Board', 'Wi-Fi']","['Žeželj Bridge', 'Fish Market', 'Matica Srpska Gallery']","Liberty Square, historical significance"
87,Fish Market,79.351614,-170.168045,"['Bus Line 96', 'Bus Line 35', 'Bus Line 24', 'Bus Line 52']","['Wi-Fi', 'Ticket Machine', 'Benches']","['Spens Sports Center', 'Freedom Square']","Fish Market, historical significance"
88,Limanski Park,22.138812,54.311718,"['Bus Line 34', 'Bus Line 87', 'Bus Line 68']","['Ticket Machine', 'Information Board']","['Svetozar Miletić Monument', 'Cathedral of Saint George', 'University of Novi Sad']","Limanski Park, historical significance"
89,Novi Sad Synagogue,36.256528,-174.953310,"['Bus Line 49', 'Bus Line 38']","['Benches', 'Wi-Fi', 'Ticket Machine', 'Shelter', 'Information Board']","['Museum of Vojvodina', 'Big Shopping Mall']","Novi Sad Synagogue, historical significance"
90,Liberty Square,-69.923411,36.022417,"['Bus Line 93', 'Bus Line 21', 'Bus Line 55']",['Shelter'],"['University of Novi Sad', 'Freedom Square', 'Strand Beach']","Liberty Square, historical significance"
91,Svetozar Miletić Monument,45.157116,-119.892455,"['Bus Line 75', 'Bus Line 68', 'Bus Line 99', 'Bus Line 58']","['Wi-Fi', 'Shelter', 'Information Board', 'Benches']",['Cathedral of Saint George'],"Svetozar Miletić Monument, historical significance"
92,Svetozar Miletić Monument,-73.546278,135.760916,['Bus Line 83'],"['Shelter', 'Wi-Fi', 'Information Board']","['Stari Grad', 'City Hall']","Svetozar Miletić Monument, historical significance"
93,Fish Market,69.698930,148.804167,"['Bus Line 49', 'Bus Line 60']","['Information Board', 'Shelter', 'Ticket Machine', 'Benches']","['Fruška Gora National Park', 'Freedom Square']","Fish Market, historical significance"
94,Cathedral of Saint George,-40.759032,54.635706,"['Bus Line 50', 'Bus Line 20', 'Bus Line 55']","['Information Board', 'Shelter', 'Ticket Machine', 'Benches']",['Limanski Park'],"Cathedral of Saint George, historical significance"
95,Liberty Square,61.372316,-157.645700,"['Bus Line 3', 'Bus Line 85']","['Ticket Machine', 'Information Board', 'Shelter', 'Benches', 'Wi-Fi']","['Big Shopping Mall', 'Cathedral of Saint George']","Liberty Square, historical significance"
96,Strand Beach,-65.371786,86.536457,"['Bus Line 66', 'Bus Line 56']","['Shelter', 'Information Board', 'Wi-Fi', 'Ticket Machine', 'Benches']",['Stari Grad'],"Strand Beach, historical significance"
97,University of Novi Sad,-1.393020,-136.327254,"['Bus Line 47', 'Bus Line 21']","['Benches', 'Wi-Fi']","['City Hall', 'Strand Beach']","University of Novi Sad, historical significance"
98,University of Novi Sad,26.141280,140.250045,['Bus Line 83'],"['Shelter', 'Ticket Machine', 'Benches', 'Wi-Fi']","['Stari Grad', 'Spens Sports Center', 'Cathedral of Saint George']","University of Novi Sad, historical significance"
99,Danube Park,-39.348136,151.318944,"['Bus Line 86', 'Bus Line 30', 'Bus Line 96', 'Bus Line 41', 'Bus Line 25']","['Benches', 'Information Board', 'Wi-Fi']",['Matica Srpska Gallery'],"Danube Park, historical significance"
100,Fruška Gora National Park,-35.061411,70.907216,"['Bus Line 19', 'Bus Line 34', 'Bus Line 65', 'Bus Line 79']","['Information Board', 'Wi-Fi', 'Ticket Machine', 'Benches', 'Shelter']",['Spens Sports Center'],"Fruška Gora National Park, historical significance"
101,Cathedral of Saint George,-64.351392,-174.877693,"['Bus Line 84', 'Bus Line 38', 'Bus Line 31', 'Bus Line 76']","['Information Board', 'Ticket Machine', 'Benches']","['Freedom Square', 'Big Shopping Mall']","Cathedral of Saint George, historical significance"
102,Danube Park,-3.497959,-57.667327,"['Bus Line 47', 'Bus Line 94']","['Ticket Machine', 'Information Board']","['Freedom Square', 'Cathedral of Saint George']","Danube Park, historical significance"
103,Museum of Vojvodina,-14.808272,-18.326537,"['Bus Line 52', 'Bus Line 85', 'Bus Line 2']","['Ticket Machine', 'Wi-Fi', 'Shelter', 'Benches']",['Danube River'],"Museum of Vojvodina, historical significance"
104,Strand Beach,-21.491096,136.377038,"['Bus Line 36', 'Bus Line 98']","['Benches', 'Ticket Machine', 'Wi-Fi', 'Information Board', 'Shelter']","['Svetozar Miletić Monument', 'Limanski Park']","Strand Beach, historical significance"
105,Danube River,11.672368,-149.211493,"['Bus Line 30', 'Bus Line 100', 'Bus Line 1', 'Bus Line 59']",['Wi-Fi'],['Spens Sports Center'],"Danube River, historical significance"
106,Liberty Square,68.618602,-43.304995,"['Bus Line 2', 'Bus Line 36', 'Bus Line 71', 'Bus Line 17', 'Bus Line 45']","['Shelter', 'Information Board', 'Ticket Machine', 'Benches']",['Novi Sad Fair'],"Liberty Square, historical significance"
107,Fruška Gora National Park,52.788952,151.802281,"['Bus Line 93', 'Bus Line 37', 'Bus Line 19', 'Bus Line 92', 'Bus Line 54']","['Information Board', 'Wi-Fi', 'Shelter']","['Novi Sad Fair', 'Danube River']","Fruška Gora National Park, historical significance"
108,Petrovaradin Fortress,-42.309600,-98.115895,"['Bus Line 92', 'Bus Line 59', 'Bus Line 72', 'Bus Line 80', 'Bus Line 42']","['Ticket Machine', 'Wi-Fi']","['Fruška Gora National Park', 'Matica Srpska Gallery', 'Fish Market']","Petrovaradin Fortress, historical significance"
109,Svetozar Miletić Monument,-9.872064,-126.090614,"['Bus Line 99', 'Bus Line 81', 'Bus Line 46']",['Wi-Fi'],"['Serbian National Theatre', 'Cathedral of Saint George']","Svetozar Miletić Monument, historical significance"
110,Svetozar Miletić Monument,-72.930408,-130.726489,['Bus Line 8'],['Shelter'],"['Stari Grad', 'Cathedral of Saint George']","Svetozar Miletić Monument, historical significance"
111,Cathedral of Saint George,73.068858,-152.201205,"['Bus Line 54', 'Bus Line 44', 'Bus Line 21', 'Bus Line 5', 'Bus Line 80']","['Shelter', 'Information Board', 'Benches', 'Wi-Fi']",['Serbian National Theatre'],"Cathedral of Saint George, historical significance"
112,Novi Sad Fair,31.276950,-141.703171,['Bus Line 14'],"['Information Board', 'Shelter', 'Benches', 'Wi-Fi']",['Matica Srpska Gallery'],"Novi Sad Fair, historical significance"
113,Cathedral of Saint George,46.684114,70.624386,"['Bus Line 44', 'Bus Line 60', 'Bus Line 75', 'Bus Line 64']",['Shelter'],['Stari Grad'],"Cathedral of Saint George, historical significance"
114,City Hall,68.386248,-170.139032,"['Bus Line 32', 'Bus Line 26', 'Bus Line 67', 'Bus Line 76', 'Bus Line 31']","['Ticket Machine', 'Information Board', 'Benches', 'Shelter']",['Danube Park'],"City Hall, historical significance"
115,Svetozar Miletić Monument,31.165318,178.143811,['Bus Line 100'],"['Ticket Machine', 'Shelter', 'Information Board', 'Benches']","['Liberty Square', 'Novi Sad Fair', 'Fruška Gora National Park']","Svetozar Miletić Monument, historical significance"
116,Matica Srpska Gallery,46.907696,95.997750,['Bus Line 60'],"['Information Board', 'Benches', 'Ticket Machine']","['Novi Sad Fair', 'Stari Grad']","Matica Srpska Gallery, historical significance"
117,Freedom Square,38.601212,74.928990,"['Bus Line 29', 'Bus Line 50', 'Bus Line 74']","['Benches', 'Wi-Fi', 'Ticket Machine', 'Shelter']","['Žeželj Bridge', 'Museum of Vojvodina', 'Petrovaradin Fortress']","Freedom Square, historical significance"
118,Cathedral of Saint George,-26.854585,177.198872,['Bus Line 84'],"['Benches', 'Wi-Fi', 'Shelter', 'Ticket Machine', 'Information Board']","['Žeželj Bridge', 'Stari Grad', 'Novi Sad Synagogue']","Cathedral of Saint George, historical significance"
119,Limanski Park,-65.735803,109.671464,"['Bus Line 28', 'Bus Line 72', 'Bus Line 82', 'Bus Line 18', 'Bus Line 98']","['Wi-Fi', 'Benches', 'Shelter']","['Big Shopping Mall', 'Spens Sports Center', 'Limanski Park']","Limanski Park, historical significance"
120,Petrovaradin Fortress,84.131796,18.517630,"['Bus Line 76', 'Bus Line 69', 'Bus Line 77', 'Bus Line 75']","['Shelter', 'Wi-Fi', 'Benches', 'Information Board']","['Žeželj Bridge', 'Fish Market', 'Strand Beach']","Petrovaradin Fortress, historical significance"
121,Cathedral of Saint George,-37.207207,81.046417,['Bus Line 84'],"['Information Board', 'Shelter']",['Big Shopping Mall'],"Cathedral of Saint George, historical significance"
122,Spens Sports Center,18.307176,-120.484814,"['Bus Line 7', 'Bus Line 33']","['Ticket Machine', 'Wi-Fi', 'Information Board', 'Benches']",['Strand Beach'],"Spens Sports Center, historical significance"
123,City Hall,-67.287986,48.374640,"['Bus Line 65', 'Bus Line 7', 'Bus Line 26', 'Bus Line 93', 'Bus Line 79']","['Wi-Fi', 'Benches', 'Information Board', 'Ticket Machine']",['Strand Beach'],"City Hall, historical significance"
124,City Hall,51.982550,-115.307885,"['Bus Line 40', 'Bus Line 53', 'Bus Line 58']","['Benches', 'Ticket Machine', 'Information Board']","['Spens Sports Center', 'Stari Grad']","City Hall, historical significance"
125,Petrovaradin Fortress,10.213169,85.954325,"['Bus Line 59', 'Bus Line 1', 'Bus Line 5', 'Bus Line 23']",['Benches'],"['Novi Sad Synagogue', 'City Hall']","Petrovaradin Fortress, historical significance"
126,Serbian National Theatre,-79.726222,14.385653,"['Bus Line 57', 'Bus Line 64', 'Bus Line 78', 'Bus Line 56', 'Bus Line 65']",['Wi-Fi'],"['University of Novi Sad', 'Stari Grad', 'Fruška Gora National Park']","Serbian National Theatre, historical significance"
127,Cathedral of Saint George,47.828784,81.787628,"['Bus Line 69', 'Bus Line 57', 'Bus Line 76', 'Bus Line 88', 'Bus Line 11']","['Benches', 'Shelter']","['Matica Srpska Gallery', 'University of Novi Sad']","Cathedral of Saint George, historical significance"
128,Cathedral of Saint George,47.701523,157.809075,"['Bus Line 100', 'Bus Line 44', 'Bus Line 88', 'Bus Line 84', 'Bus Line 5']","['Shelter', 'Wi-Fi']","['Strand Beach', 'Liberty Square', 'Spens Sports Center']","Cathedral of Saint George, historical significance"
129,Strand Beach,-80.139155,41.192429,"['Bus Line 35', 'Bus Line 27']","['Wi-Fi', 'Ticket Machine']",['Novi Sad Synagogue'],"Strand Beach, historical significance"
130,Big Shopping Mall,47.247860,-145.991676,"['Bus Line 22', 'Bus Line 91', 'Bus Line 84', 'Bus Line 33', 'Bus Line 71']",['Ticket Machine'],['Matica Srpska Gallery'],"Big Shopping Mall, historical significance"
131,Svetozar Miletić Monument,-6.593048,16.613850,"['Bus Line 14', 'Bus Line 28', 'Bus Line 25', 'Bus Line 17', 'Bus Line 88']","['Shelter', 'Wi-Fi', 'Benches', 'Information Board']","['Freedom Square', 'City Hall', 'Danube River']","Svetozar Miletić Monument, historical significance"
132,Petrovaradin Fortress,-22.194716,46.694715,"['Bus Line 47', 'Bus Line 13', 'Bus Line 70', 'Bus Line 88']","['Shelter', 'Information Board', 'Benches']",['Limanski Park'],"Petrovaradin Fortress, historical significance"
133,University of Novi Sad,-18.927580,116.545897,"['Bus Line 10', 'Bus Line 65']","['Information Board', 'Shelter', 'Benches', 'Wi-Fi', 'Ticket Machine']","['Serbian National Theatre', 'Museum of Vojvodina']","University of Novi Sad, historical significance"
134,Fish Market,-19.704919,36.930111,"['Bus Line 26', 'Bus Line 82', 'Bus Line 87', 'Bus Line 33', 'Bus Line 19']","['Benches', 'Information Board', 'Wi-Fi']","['Freedom Square', 'Novi Sad Synagogue', 'Limanski Park']","Fish Market, historical significance"
135,Matica Srpska Gallery,9.498138,24.101436,['Bus Line 75'],"['Information Board', 'Ticket Machine', 'Wi-Fi']","['Strand Beach', 'Liberty Square']","Matica Srpska Gallery, historical significance"
136,Liberty Square,-24.575080,170.372574,['Bus Line 21'],"['Benches', 'Shelter']",['Big Shopping Mall'],"Liberty Square, historical significance"
137,Cathedral of Saint George,55.328725,168.136802,"['Bus Line 86', 'Bus Line 92']","['Shelter', 'Wi-Fi', 'Ticket Machine', 'Information Board']","['Danube River', 'Žeželj Bridge', 'Novi Sad Fair']","Cathedral of Saint George, historical significance"
138,Petrovaradin Fortress,29.340054,-109.341721,"['Bus Line 51', 'Bus Line 98', 'Bus Line 44', 'Bus Line 23', 'Bus Line 85']","['Ticket Machine', 'Information Board']",['Museum of Vojvodina'],"Petrovaradin Fortress, historical significance"
139,Petrovaradin Fortress,70.487950,171.572147,['Bus Line 8'],"['Ticket Machine', 'Wi-Fi', 'Shelter', 'Benches']","['Serbian National Theatre', 'Freedom Square', 'Fish Market']","Petrovaradin Fortress, historical significance"
140,Fruška Gora National Park,21.655686,-21.650050,"['Bus Line 82', 'Bus Line 74', 'Bus Line 78', 'Bus Line 58', 'Bus Line 79']","['Wi-Fi', 'Shelter', 'Ticket Machine', 'Benches']","['Serbian National Theatre', 'Freedom Square', 'Big Shopping Mall']","Fruška Gora National Park, historical significance"
141,Danube River,-27.850951,64.440317,"['Bus Line 100', 'Bus Line 43', 'Bus Line 60', 'Bus Line 85', 'Bus Line 37']","['Ticket Machine', 'Benches', 'Information Board', 'Wi-Fi']","['Novi Sad Synagogue', 'Cathedral of Saint George']","Danube River, historical significance"
142,Freedom Square,-83.455122,-130.463336,"['Bus Line 93', 'Bus Line 63', 'Bus Line 41', 'Bus Line 61']",['Information Board'],['Žeželj Bridge'],"Freedom Square, historical significance"
143,University of Novi Sad,-81.759642,111.090936,"['Bus Line 75', 'Bus Line 10']","['Benches', 'Shelter']",['Museum of Vojvodina'],"University of Novi Sad, historical significance"
144,Fish Market,4.721692,-40.352118,"['Bus Line 20', 'Bus Line 15', 'Bus Line 35', 'Bus Line 39']",['Benches'],['Museum of Vojvodina'],"Fish Market, historical significance"
145,Serbian National Theatre,63.576992,21.404216,"['Bus Line 55', 'Bus Line 86', 'Bus Line 53', 'Bus Line 96', 'Bus Line 87']","['Wi-Fi', 'Benches', 'Information Board', 'Shelter', 'Ticket Machine']","['Strand Beach', 'City Hall']","Serbian National Theatre, historical significance"
146,Spens Sports Center,-45.282732,-125.309145,"['Bus Line 26', 'Bus Line 49']",['Information Board'],"['Novi Sad Fair', 'University of Novi Sad']","Spens Sports Center, historical significance"
147,Svetozar Miletić Monument,-75.103389,88.605212,"['Bus Line 47', 'Bus Line 50', 'Bus Line 73', 'Bus Line 18', 'Bus Line 56']","['Shelter', 'Information Board', 'Ticket Machine', 'Benches', 'Wi-Fi']",['Spens Sports Center'],"Svetozar Miletić Monument, historical significance"
148,University of Novi Sad,-49.443492,154.838478,['Bus Line 65'],"['Information Board', 'Wi-Fi', 'Ticket Machine']","['Museum of Vojvodina', 'Žeželj Bridge', 'Freedom Square']","University of Novi Sad, historical significance"
149,Novi Sad Synagogue,-37.250858,147.931556,"['Bus Line 17', 'Bus Line 92', 'Bus Line 37', 'Bus Line 34', 'Bus Line 45']","['Benches', 'Ticket Machine', 'Information Board']","['Žeželj Bridge', 'Cathedral of Saint George', 'University of Novi Sad']","Novi Sad Synagogue, historical significance"
150,Stari Grad,-89.134723,42.474634,"['Bus Line 17', 'Bus Line 32']","['Shelter', 'Information Board', 'Ticket Machine', 'Benches']","['Limanski Park', 'Spens Sports Center']","Stari Grad, historical significance"
151,Museum of Vojvodina,-76.746730,1.445254,"['Bus Line 26', 'Bus Line 39']","['Wi-Fi', 'Information Board', 'Benches']",['Žeželj Bridge'],"Museum of Vojvodina, historical significance"
152,University of Novi Sad,69.973434,26.896240,"['Bus Line 95', 'Bus Line 23']",['Ticket Machine'],"['Serbian National Theatre', 'Fruška Gora National Park']","University of Novi Sad, historical significance"
153,Žeželj Bridge,78.152548,4.937934,"['Bus Line 48', 'Bus Line 85', 'Bus Line 28', 'Bus Line 52']",['Benches'],['Fruška Gora National Park'],"Žeželj Bridge, historical significance"
154,Liberty Square,-76.844552,57.710055,['Bus Line 11'],"['Ticket Machine', 'Information Board']","['Novi Sad Synagogue', 'Žeželj Bridge', 'City Hall']","Liberty Square, historical significance"
155,Danube River,-35.617613,89.719930,"['Bus Line 59', 'Bus Line 77', 'Bus Line 14', 'Bus Line 22', 'Bus Line 28']","['Information Board', 'Benches', 'Wi-Fi', 'Shelter', 'Ticket Machine']","['University of Novi Sad', 'Limanski Park', 'Novi Sad Synagogue']","Danube River, historical significance"
156,City Hall,-15.464308,1.284024,"['Bus Line 50', 'Bus Line 88']","['Shelter', 'Benches']",['Cathedral of Saint George'],"City Hall, historical significance"
157,Liberty Square,65.784034,-90.771783,"['Bus Line 27', 'Bus Line 17', 'Bus Line 8', 'Bus Line 97', 'Bus Line 62']","['Information Board', 'Ticket Machine', 'Wi-Fi']","['Matica Srpska Gallery', 'Svetozar Miletić Monument']","Liberty Square, historical significance"
158,Strand Beach,-3.336332,-69.093202,"['Bus Line 24', 'Bus Line 78', 'Bus Line 65', 'Bus Line 40', 'Bus Line 96']","['Wi-Fi', 'Shelter', 'Ticket Machine', 'Benches']","['Žeželj Bridge', 'Fruška Gora National Park']","Strand Beach, historical significance"
159,Spens Sports Center,85.970486,-117.973553,"['Bus Line 91', 'Bus Line 21', 'Bus Line 36']","['Shelter', 'Benches', 'Ticket Machine', 'Information Board', 'Wi-Fi']","['Strand Beach', 'Fruška Gora National Park', 'Stari Grad']","Spens Sports Center, historical significance"
160,Spens Sports Center,66.613640,108.202979,['Bus Line 56'],"['Ticket Machine', 'Shelter', 'Wi-Fi', 'Benches']",['Limanski Park'],"Spens Sports Center, historical significance"
161,University of Novi Sad,52.250824,164.029323,"['Bus Line 94', 'Bus Line 62', 'Bus Line 50', 'Bus Line 52']","['Wi-Fi', 'Shelter', 'Benches', 'Information Board', 'Ticket Machine']","['Freedom Square', 'Serbian National Theatre', 'Strand Beach']","University of Novi Sad, historical significance"
162,Petrovaradin Fortress,36.751683,176.985860,"['Bus Line 44', 'Bus Line 87', 'Bus Line 36', 'Bus Line 59']",['Wi-Fi'],"['Danube Park', 'Strand Beach', 'Spens Sports Center']","Petrovaradin Fortress, historical significance"
163,Freedom Square,62.611923,78.751335,"['Bus Line 84', 'Bus Line 42', 'Bus Line 11', 'Bus Line 36', 'Bus Line 45']",['Benches'],['Danube Park'],"Freedom Square, historical significance"
164,Strand Beach,-67.579566,176.630558,"['Bus Line 57', 'Bus Line 4']","['Shelter', 'Ticket Machine', 'Wi-Fi', 'Benches']","['Svetozar Miletić Monument', 'Museum of Vojvodina']","Strand Beach, historical significance"
165,Cathedral of Saint George,-12.169043,25.971205,"['Bus Line 83', 'Bus Line 92']","['Information Board', 'Ticket Machine', 'Benches']","['Liberty Square', 'Svetozar Miletić Monument', 'Strand Beach']","Cathedral of Saint George, historical significance"
166,Novi Sad Synagogue,-12.763816,78.924758,"['Bus Line 63', 'Bus Line 58', 'Bus Line 50', 'Bus Line 31']","['Ticket Machine', 'Benches', 'Information Board', 'Shelter']","['Matica Srpska Gallery', 'City Hall', 'Novi Sad Fair']","Novi Sad Synagogue, historical significance"
167,University of Novi Sad,-18.394968,85.205759,"['Bus Line 27', 'Bus Line 9', 'Bus Line 33', 'Bus Line 30', 'Bus Line 23']","['Wi-Fi', 'Information Board', 'Ticket Machine', 'Benches']","['Museum of Vojvodina', 'University of Novi Sad']","University of Novi Sad, historical significance"
168,Matica Srpska Gallery,-22.496814,-46.963865,['Bus Line 94'],['Shelter'],['Danube Park'],"Matica Srpska Gallery, historical significance"
169,Freedom Square,51.203942,-134.550686,"['Bus Line 52', 'Bus Line 44']",['Ticket Machine'],"['Žeželj Bridge', 'Svetozar Miletić Monument', 'Limanski Park']","Freedom Square, historical significance"
170,Fruška Gora National Park,-4.284942,-179.205587,"['Bus Line 73', 'Bus Line 6', 'Bus Line 81', 'Bus Line 36', 'Bus Line 29']","['Ticket Machine', 'Benches', 'Information Board']",['Museum of Vojvodina'],"Fruška Gora National Park, historical significance"
171,Cathedral of Saint George,46.001909,-119.324965,"['Bus Line 69', 'Bus Line 25', 'Bus Line 33']","['Information Board', 'Ticket Machine', 'Shelter', 'Wi-Fi', 'Benches']","['Museum of Vojvodina', 'Fruška Gora National Park', 'Danube Park']","Cathedral of Saint George, historical significance"
172,Spens Sports Center,77.055176,-45.041696,['Bus Line 35'],"['Benches', 'Ticket Machine', 'Wi-Fi']","['Novi Sad Synagogue', 'Serbian National Theatre', 'Novi Sad Fair']","Spens Sports Center, historical significance"
173,Serbian National Theatre,73.323036,-34.200015,['Bus Line 30'],"['Ticket Machine', 'Wi-Fi']",['Spens Sports Center'],"Serbian National Theatre, historical significance"
174,Liberty Square,-60.129264,-147.741158,['Bus Line 41'],"['Shelter', 'Benches', 'Information Board', 'Wi-Fi', 'Ticket Machine']","['University of Novi Sad', 'Svetozar Miletić Monument']","Liberty Square, historical significance"
175,Serbian National Theatre,7.706237,-9.661363,"['Bus Line 54', 'Bus Line 67', 'Bus Line 6', 'Bus Line 37', 'Bus Line 17']","['Shelter', 'Wi-Fi', 'Ticket Machine']","['Limanski Park', 'Strand Beach', 'Big Shopping Mall']","Serbian National Theatre, historical significance"
176,Novi Sad Fair,-1.121390,23.259217,['Bus Line 63'],"['Benches', 'Wi-Fi', 'Information Board', 'Shelter', 'Ticket Machine']",['Cathedral of Saint George'],"Novi Sad Fair, historical significance"
177,Limanski Park,89.433733,-125.107557,"['Bus Line 5', 'Bus Line 84']","['Benches', 'Information Board']",['Petrovaradin Fortress'],"Limanski Park, historical significance"
178,Big Shopping Mall,-15.386756,-139.225734,['Bus Line 36'],"['Information Board', 'Ticket Machine', 'Shelter', 'Wi-Fi', 'Benches']",['Žeželj Bridge'],"Big Shopping Mall, historical significance"
179,Spens Sports Center,-10.782910,107.465598,['Bus Line 64'],['Shelter'],"['Novi Sad Fair', 'Stari Grad', 'Danube River']","Spens Sports Center, historical significance"
180,Danube Park,74.381035,-103.232650,"['Bus Line 80', 'Bus Line 90', 'Bus Line 12', 'Bus Line 62']","['Shelter', 'Ticket Machine']","['Novi Sad Synagogue', 'Spens Sports Center', 'Petrovaradin Fortress']","Danube Park, historical significance"
181,Strand Beach,-79.130834,73.156239,"['Bus Line 97', 'Bus Line 89', 'Bus Line 31']","['Ticket Machine', 'Wi-Fi', 'Benches', 'Information Board', 'Shelter']","['Liberty Square', 'Cathedral of Saint George', 'Spens Sports Center']","Strand Beach, historical significance"
182,Danube River,-53.102350,-41.251662,"['Bus Line 80', 'Bus Line 62', 'Bus Line 53', 'Bus Line 55']","['Shelter', 'Benches', 'Wi-Fi', 'Information Board', 'Ticket Machine']","['Žeželj Bridge', 'Fruška Gora National Park']","Danube River, historical significance"
183,Limanski Park,22.395346,-173.409554,"['Bus Line 15', 'Bus Line 14', 'Bus Line 99']","['Wi-Fi', 'Information Board', 'Shelter', 'Benches']",['Fruška Gora National Park'],"Limanski Park, historical significance"
184,Žeželj Bridge,4.775680,-73.222385,"['Bus Line 42', 'Bus Line 89', 'Bus Line 97', 'Bus Line 87']",['Ticket Machine'],"['Museum of Vojvodina', 'Žeželj Bridge', 'Big Shopping Mall']","Žeželj Bridge, historical significance"
185,Cathedral of Saint George,-45.377058,-68.610856,"['Bus Line 14', 'Bus Line 4']","['Information Board', 'Ticket Machine', 'Shelter']","['Museum of Vojvodina', 'Matica Srpska Gallery', 'Stari Grad']","Cathedral of Saint George, historical significance"
186,Žeželj Bridge,61.153157,23.771664,['Bus Line 57'],['Benches'],"['Limanski Park', 'Fish Market']","Žeželj Bridge, historical significance"
187,Stari Grad,43.479334,148.403093,"['Bus Line 20', 'Bus Line 98']","['Wi-Fi', 'Ticket Machine', 'Benches', 'Shelter']",['Žeželj Bridge'],"Stari Grad, historical significance"
188,Novi Sad Fair,14.845934,-30.402662,"['Bus Line 56', 'Bus Line 2', 'Bus Line 50']","['Information Board', 'Wi-Fi', 'Ticket Machine']","['Petrovaradin Fortress', 'Novi Sad Fair']","Novi Sad Fair, historical significance"
189,Novi Sad Synagogue,14.861167,-35.065368,"['Bus Line 15', 'Bus Line 59', 'Bus Line 34']","['Ticket Machine', 'Benches', 'Information Board', 'Wi-Fi', 'Shelter']","['Novi Sad Synagogue', 'Fruška Gora National Park', 'Fish Market']","Novi Sad Synagogue, historical significance"
190,Spens Sports Center,-28.705637,60.657939,['Bus Line 74'],"['Benches', 'Information Board', 'Wi-Fi']",['Museum of Vojvodina'],"Spens Sports Center, historical significance"
191,Novi Sad Fair,9.132110,-64.703747,['Bus Line 80'],"['Wi-Fi', 'Ticket Machine', 'Information Board', 'Shelter', 'Benches']",['Žeželj Bridge'],"Novi Sad Fair, historical significance"
192,Museum of Vojvodina,43.010504,-41.837444,"['Bus Line 87', 'Bus Line 65', 'Bus Line 40']",['Shelter'],"['City Hall', 'Freedom Square', 'Stari Grad']","Museum of Vojvodina, historical significance"
193,Spens Sports Center,-20.857056,90.811231,"['Bus Line 11', 'Bus Line 90', 'Bus Line 7', 'Bus Line 66']","['Wi-Fi', 'Shelter']","['Žeželj Bridge', 'Fish Market', 'Petrovaradin Fortress']","Spens Sports Center, historical significance"
194,Svetozar Miletić Monument,17.289498,-108.796316,['Bus Line 90'],"['Ticket Machine', 'Shelter', 'Wi-Fi']","['Limanski Park', 'Serbian National Theatre', 'Fruška Gora National Park']","Svetozar Miletić Monument, historical significance"
195,Novi Sad Synagogue,-63.566669,-128.901922,"['Bus Line 28', 'Bus Line 22']","['Benches', 'Ticket Machine', 'Shelter', 'Information Board']",['Petrovaradin Fortress'],"Novi Sad Synagogue, historical significance"
196,Limanski Park,-42.245402,-150.816135,"['Bus Line 4', 'Bus Line 61', 'Bus Line 62', 'Bus Line 60']","['Ticket Machine', 'Wi-Fi']","['Museum of Vojvodina', 'Strand Beach', 'City Hall']","Limanski Park, historical significance"
197,Fruška Gora National Park,-58.193586,-82.318289,['Bus Line 35'],"['Wi-Fi', 'Ticket Machine', 'Shelter', 'Benches']",['City Hall'],"Fruška Gora National Park, historical significance"
198,Big Shopping Mall,-32.226188,-99.157197,"['Bus Line 10', 'Bus Line 35', 'Bus Line 19']","['Benches', 'Wi-Fi', 'Shelter']","['Freedom Square', 'City Hall']","Big Shopping Mall, historical significance"
199,Liberty Square,17.770682,-27.218170,"['Bus Line 23', 'Bus Line 92']","['Shelter', 'Wi-Fi']","['Danube Park', 'Cathedral of Saint George']","Liberty Square, historical significance"
200,Fish Market,66.475284,-74.427024,"['Bus Line 39', 'Bus Line 74', 'Bus Line 40']",['Benches'],"['University of Novi Sad', 'Danube River']","Fish Market, historical significance"
